"Data";"V1";"V2";"V3";"V4";"V5";"V6";"V7";"V8";"V9";"V10";"V11";"V12";"V13";"V14";"V15";"V16";"V17";"V18";"V19";"V20"
2026-04-01;1110,00010623741;1110,00010623741;1110,00010623741;1110,00010623741;1110,00010623741;1110,00010623741;1110,00010623741;1110,00010623741;1110,00010623741;1110,00010623741;1110,00010623741;1110,00010623741;1110,00010623741;1110,00010623741;1110,00010623741;1110,00010623741;1110,00010623741;1110,00010623741;1110,00010623741;1110,00010623741
2026-04-02;1111,06845319523;1111,06845319523;1111,06845319523;1111,06845319523;1111,06845319523;1111,06845319523;1111,06845319523;1111,06845319523;1111,06845319523;1111,06848738046;1111,06845319523;1111,06845319523;1111,06845319523;1111,06845319523;1111,06845319523;1111,06845319523;1111,06845319523;1111,06845319523;1111,06845319523;1111,06845319523
2026-04-03;1109,11294530525;1109,11294530525;1109,11294530525;1109,11294530525;1109,11294530525;1109,11294530525;1109,11294530525;1109,11294530525;1109,11294530525;1109,11297927449;1109,11294530525;1109,11294530525;1109,11294530525;1109,11294530525;1109,11294530525;1109,11294530525;1109,11294530525;1109,11294530525;1109,11294530525;1109,11294530525
2026-04-04;1125,69976068366;1130,08585723338;1125,45925553078;1118,32241508371;1121,52691164919;1118,69419677321;1132,05055603312;1127,70494798284;1124,15765014537;1133,08791121387;1121,82671956844;1121,35109531946;1121,43895336164;1129,85276849855;1118,05325036128;1119,54638760657;1116,47629068637;1119,25551594498;1131,61490831425;1120,30462047897
2026-04-05;1143,23169552746;1151,27055007227;1150,49239493876;1123,73052284524;1137,03236352974;1126,35401831052;1162,27812716822;1143,36904378389;1134,6465834948;1162,63147362089;1148,06985767356;1127,69556447632;1145,96341802616;1141,27991318521;1125,72298475782;1126,55504326029;1130,14985299259;1123,53219843237;1155,10105376468;1134,2287146654
2026-04-06;1154,19698134851;1162,17515567917;1168,56310930372;1124,50141098339;1158,45447844687;1136,08603690339;1175,18077001932;1148,22734014623;1147,75432400273;1179,3779839309;1169,61093189929;1129,658852405;1185,37623885124;1151,7975012684;1135,52707839378;1132,34798523036;1145,74235082968;1121,65657529436;1172,50671233254;1141,90216894036
2026-04-07;1165,87914345524;1178,69658994947;1176,70748159819;1134,51518167595;1189,05998940132;1171,52981159806;1179,738968301;1154,73123521878;1162,06055274083;1203,1718893773;1183,5959407489;1134,14621437435;1224,46802523282;1176,43582403245;1147,08510478588;1152,73324489349;1162,04097307692;1119,41188118188;1204,43811128042;1149,32872803396
2026-04-08;1176,04900215338;1195,85721444067;1191,10829794934;1148,36619419983;1208,18165435197;1206,60459555246;1178,47011409311;1171,66344356434;1167,03462538139;1235,92495550524;1217,76943763326;1143,01663104856;1247,16992171032;1198,52163494759;1164,07307726989;1177,09904687858;1171,49428474319;1117,25321454112;1232,670306149;1156,01211352558
2026-04-09;1194,8473161839;1230,47445680615;1209,09409741913;1158,45119540342;1215,82967581759;1218,6047439669;1177,80195114952;1208,24753836459;1178,69619292067;1253,22471524339;1246,43715061896;1167,95061269788;1268,31896935852;1213,13868718926;1175,6664799115;1213,89039418374;1178,29703910552;1118,64550034482;1251,16018471764;1158,652388276
2026-04-10;1207,11675816539;1253,41761665664;1216,89330594234;1170,27154296061;1219,16785716207;1229,16747232587;1182,6732675838;1259,06488470624;1195,85830960369;1257,08848133333;1268,10777513261;1201,77127289193;1281,66217088714;1233,81098336353;1179,79885621334;1234,60444650851;1188,19253386189;1123,17962813616;1275,21870327155;1159,53082391818
2026-04-11;1213,08566672556;1267,77371363427;1221,63954447765;1180,79210534911;1230,46767514037;1247,4413881552;1207,49598552197;1293,11608324672;1213,284086656;1255,00433101191;1284,30011712354;1223,88959232576;1285,67994351721;1271,53552067904;1185,05920688007;1246,00045459063;1195,08331418746;1120,53398584898;1293,61309549889;1158,33372237141
2026-04-12;1225,46656548728;1288,32170937394;1229,515359975;1188,80150543847;1243,34085917623;1267,05074231122;1230,83594096642;1305,59249208338;1222,49837408737;1255,13234018484;1299,14444895528;1253,39081968214;1287,58767809026;1295,74702247433;1200,40437287254;1263,04928108675;1193,93445095729;1114,58476944682;1304,68262355304;1156,56371498938
2026-04-13;1238,21156655236;1308,37752750993;1240,45648930488;1204,41448287374;1253,20025882536;1281,83084640898;1244,39616578367;1321,89710890173;1239,94638676713;1257,20268808854;1316,85505980702;1291,21740932561;1303,90449730991;1310,11865238336;1237,133192707;1287,11667916395;1206,93548361111;1117,16207171266;1311,50276165494;1153,66954200429
2026-04-14;1251,69387481368;1321,39675540207;1249,02244232772;1215,05733911414;1256,04927798855;1295,62856829856;1257,18046304112;1340,8866665425;1267,32066818782;1261,01720997729;1342,77711931974;1326,35976411415;1332,74759057923;1311,31967313451;1258,61631783318;1309,06549407485;1229,50975425943;1124,62276407154;1314,21680106798;1154,18680059543
2026-04-15;1256,21752575334;1328,13345677252;1251,46367858252;1220,38834082539;1255,612731897;1300,99411994817;1291,52348710883;1350,00284968841;1283,08529220178;1270,29511782924;1358,08407083154;1341,35886941315;1338,84340906075;1307,80240464672;1266,86755827328;1332,08753087601;1245,60735464686;1132,89256393889;1321,44950197299;1156,68721881737
2026-04-16;1263,12741622493;1327,12518816856;1249,65791572342;1220,84018912546;1251,93331458585;1315,2778079191;1328,86025877254;1357,06520652465;1288,67835555226;1278,21693473627;1365,3052809099;1365,87106003489;1337,84222267581;1301,77838093221;1266,20384132288;1361,83087305765;1254,30014755882;1136,45592473369;1325,72456522862;1165,15201395573
