"Codigo";"Latitude";"Longitude";"Area";"Nome";"Horario_Brasilia";"Horario_Rondonia";"Horario_Acre";"Nivel_Atual";"Var_Nivel_24";"Var_Nivel_7d";"Var_Nivel_14d";"Var_Nivel_21d";"Acum_Chuva_24";"Acum_Chuva_96";"Rio";"Passado";"C_Max";"Ano_Max";"Mediana";"Minima_Dia";"Maxima_Dia";"Percentil";"SPI";"Atencao";"Alerta";"Inunda";"Status"
10100000;-4,235;-69,945;874000;"Tabatinga";2026-10-02 19:15:00;2026-10-02 18:15:00;2026-10-02 17:15:00;332;-4;-5;;;1,6;13,2;"SOLIMOES";;;"1999";350;-202;624;"40%-50%";;;;;
10500000;-4,341;-70,906;61400;"ESTIRÃO DO REPOUSO";2026-07-16 20:45:00;2026-07-16 19:45:00;2026-07-16 18:45:00;834;;;;;0;0;"JAVARI";;;"2019";614;208;1079;"80%-90%";;;;;
10910000;-4,584;-70,264;36900;"LADÁRIO - JUSANTE";2025-12-16 20:45:00;2025-12-16 19:45:00;2025-12-16 18:45:00;1363;5;;;;0;0;"ITACUAI";;;"2001";741,5;496;1052;"100%-Máxima";;;;;
11400000;-3,457;-68,912;1010000;"SÃO PAULO DE OLIVENÇA";2025-12-07 10:00:00;2025-12-07 09:00:00;2025-12-07 08:00:00;1198;;;138;;0;0;"SOLIMÕES";;;"2015";520,5;53;898;"100%-Máxima";;;;;
12240000;-3,337;-67,492;64400;"PORTO SEGURO";2026-03-19 20:45:00;2026-03-19 19:45:00;2026-03-19 18:45:00;1409;;;;;0;0;"JUTAÍ";;;"2015";866,5;717;1015;"100%-Máxima";;;;;
12351000;-2,491;-66,062;1220000;"Fonte Boa";2026-10-01 19:00:00;2026-10-01 18:00:00;2026-10-01 17:00:00;1415;;;;;0;62,6;"SOLIMOES";;;"2015";1224;728;1511;"80%-90%";;;;;
12500000;-7,633;-72,66;37800;"Cruzeiro do Sul";2026-10-03 05:00:00;2026-10-03 04:00:00;2026-10-03 03:00:00;396;-23;4;-3;-11;0;0;"JURUÁ";;;"2009";410;257;747;"40%-50%";;1000;1180;1300;"Normal"
12520000;-7,056;-71,689;56100;"IPIXUNA";2025-09-30 10:45:00;2025-09-30 09:45:00;2025-09-30 08:45:00;394;;;;75;0;0;"JURUÁ";;;"1986";342,5;180;688;"60%-70%";;;;;
12590000;-8,152;-70,746;8770;"PONTE DE TARAUACÁ";2026-10-03 05:00:00;2026-10-03 04:00:00;2026-10-03 03:00:00;344;8;6;-31;-22;0;25,4;"TARAUACÁ";;;"2017";380,5;320;447;"0%-12%";;;;;
12650000;-8,164;-70,356;17000;"Feijó";2025-12-31 17:00:00;2025-12-31 16:00:00;2025-12-31 15:00:00;825;-17;-152;-255;-295;0;0;"FEIJÓ";;;"2021";404,5;336;653;"100%-Máxima";;1200;1350;1400;"Normal"
12845000;-1,395;-69,428;206000;"VILA BITTENCOURT";2026-03-01 20:30:00;2026-03-01 19:30:00;2026-03-01 18:30:00;928;;;;;0;0;"JAPURÁ";;;"1989";886;590;1138;"50%-60%";;;;;
12850000;-1,821;-66,609;249000;"ACANAUI";2025-12-18 09:45:00;2025-12-18 08:45:00;2025-12-18 07:45:00;929;-48;;-204;-157;0;0;"JAPURÁ";;;"1989";988,5;607;1194;"30%-40%";;;;;
13150000;-4,058;-63,028;1780000;"Itapéua";2024-11-25 17:00:00;2024-11-25 16:00:00;2024-11-25 15:00:00;329;-4;-24;136;;0;0;"SOLIMOES";;;"2020";728,5;-12;1157;"0%-10%";;;;;
13150003;-4,086;-63,083;1780000;"COARI";2026-10-03 04:30:00;2026-10-03 03:30:00;2026-10-03 02:30:00;668;1;-36;-163;-302;0;9,2;"SOLIMÕES";;;"2015";614;-44;1095;"60%-70%";;;;;
13169900;-9,434;-70,494;15917;"SANTA ROSA DO PURUS - SEDE";2025-12-20 20:00:00;2025-12-20 19:00:00;2025-12-20 18:00:00;712;;373;368;;0;0;"PURUS";;;"2021";259;227;282;"100%-Máxima";;;;;
13180000;-8,889;-69,275;32800;"MANOEL URBANO";2026-05-09 16:00:00;2026-05-09 15:00:00;2026-05-09 14:00:00;618;-40;-346;-467;-134;0;0;"PURUS";;;"1997";409;256;577;"100%-Máxima";;;;;
13300000;-9,374;-68,724;11200;"SERINGAL SÃO JOSÉ";2026-05-26 23:45:00;2026-05-26 22:45:00;2026-05-26 21:45:00;325;-22;-40;-82;-318;0;0;"IACO";;;"1999";312;201;443;"50%-60%";;;;;
13310000;-9,068;-68,653;18000;"Sena Madureira";2026-10-03 05:00:00;2026-10-03 04:00:00;2026-10-03 03:00:00;111;-11;-49;-33;-38;0;7,2;"IACO";;;"2021";162,5;50;449;"22%-33%";;1300;1400;1520;"Normal"
13445000;-10,941;-69,577;3760;"PONTE BRASIL-PERU";2026-10-03 03:15:00;2026-10-03 02:15:00;2026-10-03 01:15:00;247;-32;17;18;16;0;16,4;"ACRE";;;;;;;;;;;;
13450000;-10,944;-69,566;3760;"ASSIS BRASIL";2025-03-25 17:15:00;2025-03-25 16:15:00;2025-03-25 15:15:00;324;-46;-124;-220;-125;0;0;"ACRE";;;"2012";257;204;338;"40%-50%";;1000;1130;1250;"Normal"
13470000;-11,018;-68,745;7020;"BRASILEIA";2026-02-10 20:30:00;2026-02-10 19:30:00;2026-02-10 18:30:00;708;229;401;75;176;0;0;"ACRE";;;"2024";188;60;361;"100%-Máxima";;880;980;1140;"Normal"
13540000;-10,561;-68,705;3730;"COLONIA DOLORES";2026-04-13 09:00:00;2026-04-13 08:00:00;2026-04-13 07:00:00;726;50;74;-14;209;0;0;"XAPURI";;;"2015";305;260;355;"100%-Máxima";;;;;
13550000;-10,651;-68,508;8270;"XAPURI";2026-10-03 04:30:00;2026-10-03 03:30:00;2026-10-03 02:30:00;182;-1;3;-66;-45;0;12,6;"ACRE";;;"2015";271;128;471;"0%-10%";;1150;1250;1340;"Normal"
13568000;-10,389;-67,935;15000;"CAPIXABA";2026-05-29 14:30:00;2026-05-29 13:30:00;2026-05-29 12:30:00;231;-32;-216;-225;-321;0;0;"ACRE";;;;;;;;;;;;
13572000;-10,005;-68,529;3210;"ESPALHA";2026-07-21 08:15:00;2026-07-21 07:15:00;2026-07-21 06:15:00;104;0;0;;-4;0;0;"DO ROLA";;;;;;;;;;;;
13578000;-10,057;-67,964;6520;"RIO ROLA";2026-10-03 04:15:00;2026-10-03 03:15:00;2026-10-03 02:15:00;83;9;1;-18;-23;0;3,8;"DO ROLA";;;"2023";114,5;62;174;"0%-11%";;;;;
13600002;-9,975;-67,801;23500;"RIO BRANCO";2026-10-03 04:45:00;2026-10-03 03:45:00;2026-10-03 02:45:00;168;0;-55;-140;-103;0;10,8;"ACRE";;;"2015";280,5;143;527;"10%-20%";;1250;1350;1400;"Normal"
13650000;-9,067;-67,397;34400;"Floriano Peixoto";2025-11-30 17:00:00;2025-11-30 16:00:00;2025-11-30 15:00:00;778;58;-7;;;0;0;"ACRE";;;"1997";500;363;653;"100%-Máxima";;;;;
13710001;-8,653;-67,375;105000;"Valparaíso Montante";2025-12-15 08:45:00;2025-12-15 07:45:00;2025-12-15 06:45:00;1298;;;395;;0;0;"PURUS";;;"1979";420;249;677;"100%-Máxima";;;;;
13870000;-7,258;-64,798;226000;"LÁBREA";2026-10-02 20:45:00;2026-10-02 19:45:00;2026-10-02 18:45:00;545;;1;;;76;76,2;"PURUS";;;"1997";462,5;15;822;"80%-90%";;;;;
13990000;-3,899;-61,374;378000;"Beruri";2026-10-03 05:00:00;2026-10-03 04:00:00;2026-10-03 03:00:00;1001;-9;-87;-238;-388;4,2;4,6;"PURUS";;;"2015";1191,5;309;1652;"30%-40%";;;;;
14100000;-3,311;-60,609;2200000;"Manacapuru";2026-10-03 04:15:00;2026-10-03 03:15:00;2026-10-03 02:15:00;920;-10;-102;-253;-391;5;5;"SOLIMOES";;;"2021";1095;258;1524;"30%-40%";;1700;1770;1960;"Normal"
14320001;-0,137;-67,086;193000;"São Gabriel da Cachoeira";2024-10-22 16:45:00;2024-10-22 15:45:00;2024-10-22 14:45:00;193;;;;;0;0;"NEGRO";;;;;;;;;;;;
14400000;-0,42;-65,015;262000;"Tapuruquara";2024-10-22 16:45:00;2024-10-22 15:45:00;2024-10-22 14:45:00;193;;;;;0;0;"NEGRO";;;;;;;;;;;;
14420000;-0,482;-64,829;293000;"Serrinha";2026-10-03 04:30:00;2026-10-03 03:30:00;2026-10-03 02:30:00;668;2;12;24;-9;0,6;3,2;"NEGRO";;;"2019";679;464;847;"50%-60%";;;;;
14480002;-0,966;-62,931;379000;"Barcelos";2026-03-01 07:00:00;2026-03-01 06:00:00;2026-03-01 05:00:00;376;8;-27;-81;-94;0;0;"NEGRO";;;"2022";458;241;655;"10%-20%";;;;;
14489000;3,353;-61,422;26700;"MARACA";2026-10-03 04:45:00;2026-10-03 03:45:00;2026-10-03 02:45:00;434;-3;24;-2;6;0;0;"URARICOERA";;;"2021";505;411;617;"10%-20%";;;;;
14495000;3,438;-61,037;36900;"FAZENDA CAJUPIRANGA";2026-10-03 05:15:00;2026-10-03 04:15:00;2026-10-03 03:15:00;518;-6;20;-3;2;0;0,6;"URARICOERA";;;"2021";588;450;740;"10%-20%";;;;;
14515000;3,208;-60,571;50200;"FAZENDA PASSARAO";2026-10-03 04:30:00;2026-10-03 03:30:00;2026-10-03 02:30:00;608;-2;18;2;-1;0;0;"URARICOERA";;;"2011";694;569;901;"0%-10%";;;;;
14527000;3,568;-59,888;24300;"PONTE DO TACUTU";2026-05-31 17:00:00;2026-05-31 16:00:00;2026-05-31 15:00:00;1307;-2;312;465;772;0;0;"TACUTU";;;"2011";540;416;707;"100%-Máxima";;;;;
14530000;4,196;-60,794;2280;"VILA SURUMU";2026-10-03 05:00:00;2026-10-03 04:00:00;2026-10-03 03:00:00;278;-1;-4;-9;-16;0;0;"SURUMU";;;"2022";330;229;605;"0%-10%";;;;;
14540000;4,631;-60,471;3210;"FAZENDA BANDEIRA BRANCA";2026-10-03 04:45:00;2026-10-03 03:45:00;2026-10-03 02:45:00;126;-2;-40;-6;-13;0;1,4;"COTINGO";;;"2011";173;111;332;"0%-10%";;;;;
14558000;3,318;-60,345;40600;"FAZENDA PARAISO";2026-09-19 08:00:00;2026-09-19 07:00:00;2026-09-19 06:00:00;467;-3;-20;-35;-52;0;0;"TACUTU";;;"2017";572;461;749;"0%-10%";;;;;
14620000;2,827;-60,656;97200;"BOA VISTA";2026-10-03 04:30:00;2026-10-03 03:30:00;2026-10-03 02:30:00;87;0;9;-2;-14;0;2,4;"BRANCO";;;"2011";238;69;475;"0%-10%";;750;800;850;"Normal"
14680001;2,871;-61,441;12200;"FE E ESPERANCA";2026-10-03 04:30:00;2026-10-03 03:30:00;2026-10-03 02:30:00;233;-6;7;-10;-8;0,2;3,2;"MUCAJAÍ";;;"1976";292,5;202;421;"10%-20%";;;;;
14690000;2,471;-60,918;19800;"MUCAJAI";2026-10-03 04:30:00;2026-10-03 03:30:00;2026-10-03 02:30:00;926;-2;11;-9;-14;0;28,4;"MUCAJAÍ";;;"2011";1064,5;889;1266;"0%-10%";;;;;
14710000;1,821;-61,124;126000;"CARACARAI";2026-10-03 05:15:00;2026-10-03 04:15:00;2026-10-03 03:15:00;136;6;1;-8;-26;0;2,4;"BRANCO";;;"2011";289;108;581;"0%-10%";;800;850;900;"Normal"
14790000;-0,505;-61,786;184000;"SANTA MARIA DO BOIAÇU";2026-01-19 07:00:00;2026-01-19 06:00:00;2026-01-19 05:00:00;434;4;;-33;-20;0;0;"BRANCO";;;"2011";688;384;984;"0%-10%";;;;;
14840000;-1,457;-61,635;593000;"MOURA";2026-10-03 05:00:00;2026-10-03 04:00:00;2026-10-03 03:00:00;516;-7;-60;-167;-270;7;14,4;"NEGRO";;;"2022";745;355;978;"0%-10%";;;;;
14990000;-3,138;-60,027;712000;"Manaus";2026-10-03 04:45:00;2026-10-03 03:45:00;2026-10-03 02:45:00;1844;-13;-109;-259;-387;23,2;24;"NEGRO";;;"2012";2009;1501;2501;"20%-30%";;2650;2750;2900;"Normal"
15050001;-15,215;-59,354;2990;"PONTES E LACERDA";2025-07-21 12:30:00;2025-07-21 11:30:00;2025-07-21 10:30:00;65;;;;;0;0;"GUAPORÉ";;;;;;;;;;;;
15124009;-13,513;-60,53;3600;"CABIXI";2026-09-25 15:45:00;2026-09-25 14:45:00;2026-09-25 13:45:00;207;-9;6;4;10;0;0;"CABIXI";;;"2002";220;173;339;"20%-30%";;;;;
15130000;-13,486;-61,05;54400;"PIMENTEIRAS";2026-10-03 05:00:00;2026-10-03 04:00:00;2026-10-03 03:00:00;311;-3;-14;-5;-11;0;1,8;"GUAPORÉ";;;"1988";312;260;372;"40%-50%";;;;;
15150000;-12,851;-62,899;110000;"Pedras Negras";2026-10-03 04:15:00;2026-10-03 03:15:00;2026-10-03 02:15:00;269;-1;2;-5;-7;0;2,2;"GUAPORÉ";;;"1988";254;203;311;"70%-80%";;;;;
15200000;-12,427;-64,425;341000;"Príncípe da Beira";2026-10-03 04:30:00;2026-10-03 03:30:00;2026-10-03 02:30:00;422;-1;-6;-14;-20;0;8,8;"GUAPORÉ";;;"2014";396,5;345;545;"80%-90%";;;;;
15248010;-10,918;-65,043;4390;"BOCA DO POMPEU - JUSANTE";2025-10-17 16:45:00;2025-10-17 15:45:00;2025-10-17 14:45:00;85;0;-4;-11;-9;0;0;"OURO PRETO";;;"2020";83;0;190;"50%-60%";;;;;
15250000;-10,793;-65,348;609000;"GUAJARA-MIRIM";2026-10-03 04:30:00;2026-10-03 03:30:00;2026-10-03 02:30:00;626;-3;-10;-4;-14;0,4;12;"MAMORE";;;"2014";560;389;712;"90%-100%";;930;1020;1110;"Normal"
15318000;-10,348;-65,357;834000;"UHE JIRAU JUSANTE RIO BENI";2026-10-03 05:00:00;2026-10-03 04:00:00;2026-10-03 03:00:00;1023;-5;-17;-35;-31;0;2,2;"MADEIRA";;;"2014";986;913;1091;"80%-90%";;;;;
15320002;-9,705;-65,367;921000;"ABUNÃ";2026-07-28 08:00:00;2026-07-28 07:00:00;2026-07-28 06:00:00;1509;-16;69;-25;;0;0;"MADEIRA";;;"2014";757,5;574;1206;"100%-Máxima";;;;;
15324000;-10,338;-67,183;7740;"PLÁCIDO DE CASTRO";2026-10-03 05:15:00;2026-10-03 04:15:00;2026-10-03 03:15:00;256;1;-15;;;0;14,2;"ABUNÃ";;;"2012";242;167;398;"60%-70%";;;;;
15326000;-9,785;-65,528;31100;"MORADA NOVA JUSANTE";2026-10-03 04:30:00;2026-10-03 03:30:00;2026-10-03 02:30:00;884;-9;-31;-51;-17;0;7,2;"ABUNÃ?";;;"2014";826;672;957;"80%-90%";;;;;
15400000;-8,748;-63,917;976000;"PORTO VELHO";2026-10-03 04:15:00;2026-10-03 03:15:00;2026-10-03 02:15:00;285,9;-10,5;-29,1;-56,1;-74,1;2,2;2,8;"MADEIRA";;;"2014";350,5;49;951;"30%-40%";;1400;1500;1700;"Normal"
15430000;-9,926;-63,071;8140;"Ariquemes";2026-04-12 18:00:00;2026-04-12 17:00:00;2026-04-12 16:00:00;605;;43;-257;10;0;0;"JAMARI";;;"2007";192;114;270;"100%-Máxima";;;;;
15490000;-8,452;-63,518;977000;"PROSPERIDADE";2026-09-11 13:00:00;2026-09-11 12:00:00;2026-09-11 11:00:00;589;0;40;-111;1;0;0;"MADEIRA";;;"2014";421;175;710;"80%-90%";;;;;
15490200;-8,426;-63,484;1400000;"SÃO CARLOS";2025-03-31 17:00:00;2025-03-31 16:00:00;2025-03-31 15:00:00;1938;4;18;50;96;0;0;"MADEIRA";;;;;;;;;;;;
15490600;-8,584;-63,733;1400000;"PORTO VELHO";2025-03-31 17:00:00;2025-03-31 16:00:00;2025-03-31 15:00:00;1859;-1;19;61;112;0;0;"MADEIRA";;;;;;;;;;;;
15550000;-8,799;-63,711;12700;"SANTA ISABEL";2026-10-03 04:45:00;2026-10-03 03:45:00;2026-10-03 02:45:00;927;-3;-6;-29;;1,8;2;"CANDEIAS";;;"2019";988;901;1085;"0%-10%";;;;;
15552600;-11,749;-60,868;4360;"FAZENDA FLOR DO CAMPO";2026-05-19 19:00:00;2026-05-19 18:00:00;2026-05-19 17:00:00;285;-3;-9;-13;-70;0;0;"COMEMORAÇÃO";;;"1987";262;244;298;"80%-90%";;;;;
15558000;-11,684;-61,192;10100;"PIMENTA BUENO";2026-03-26 23:45:00;2026-03-26 22:45:00;2026-03-26 21:45:00;638;-30;-26;-21;;0;0;"PIMENTA BUENO";;;"2014";391;353;478;"100%-Máxima";;;;;
15558200;-11,444;-61,441;17900;"CACOAL";2025-08-16 23:30:00;2025-08-16 22:30:00;2025-08-16 21:30:00;39;;;;;0;0;"PIRARARA";;;"2022";105;99;154;"Mínima-0%";;;;;
15559000;-11,653;-61,215;16100;"SÍTIO BELA VISTA";2026-10-03 05:00:00;2026-10-03 04:00:00;2026-10-03 03:00:00;192;-1;14;31;14;0;0;"MACHADO";;;"2014";162,5;115;233;"90%-100%";;;;;
15560000;-10,874;-61,936;32800;"JI-PARANA";2026-06-19 08:00:00;2026-06-19 07:00:00;2026-06-19 06:00:00;704;;;-10;-24;0;0;"MACHADO";;;"2022";649;610;694;"100%-Máxima";;;;;
15564000;-10,832;-62,893;133;"JARUARU";2026-05-13 21:00:00;2026-05-13 20:00:00;2026-05-13 19:00:00;405;0;1;-2;;0;0;"JARU";;;"2014";14;0;43;"100%-Máxima";;;;;
15580000;-8,932;-62,056;60200;"Tabajara";2026-05-11 11:45:00;2026-05-11 10:45:00;2026-05-11 09:45:00;710;-12;;-240;-221;0;0;"MACHADO";;;"2019";332;207;458;"100%-Máxima";;;;;
15627000;-8,18;-63,091;1020424;"UHE_PAPAGAIO";2026-01-08 14:45:00;2026-01-08 13:45:00;2026-01-08 12:45:00;4912;-6;106;271;355;0;0;"MADEIRA";;;;;;;;;;;;
15627300;-8,193;-63,133;1400000;"ESPÍRITO SANTO";2025-03-31 16:00:00;2025-03-31 15:00:00;2025-03-31 14:00:00;1899;3;11;39;87;0;0;"MADEIRA";;;;;;;;;;;;
15627400;-8,081;-62,878;1400000;"CALAMA";2025-11-16 09:00:00;2025-11-16 08:00:00;2025-11-16 07:00:00;683;-24;;-16;-35;0;0;"MADEIRA";;;;;;;;;;;;
15630000;-7,503;-63,018;1090000;"HUMAITÁ";2026-10-03 04:30:00;2026-10-03 03:30:00;2026-10-03 02:30:00;1075;2;-14;;-64;1,8;13,8;"MADEIRA";;;"2014";1033;823;1536;"60%-70%";;;;;
15700000;-5,817;-61,302;1150000;"MANICORÉ";2025-12-06 09:45:00;2025-12-06 08:45:00;2025-12-06 07:45:00;1792;;;;;0;0;"MADEIRA";;;;;;;;;;;;
15860000;-4,897;-60,025;1310000;"FAZENDA VISTA ALEGRE";2025-12-07 09:45:00;2025-12-07 08:45:00;2025-12-07 07:45:00;1396;;;166;195;0;0;"MADEIRA";;;"1989";1042;650;1329;"100%-Máxima";;;;;
15960000;-3,547;-58,924;1376282;"URUCURITUBA";2026-07-30 17:00:00;2026-07-30 16:00:00;2026-07-30 15:00:00;1883;-4;-37;-67;-111;0;0;"MADEIRA";;;"2021";1304;644;1525;"100%-Máxima";;;;;
16030000;-3,154;-58,411;4350000;"Itacoatiara";2026-10-03 05:00:00;2026-10-03 04:00:00;2026-10-03 03:00:00;522;-13;-99;-224;-329;0;0,4;"AMAZONAS";;;;;;;;;;;;
17050001;-1,919;-55,513;4670000;"Obidos";2026-10-03 04:30:00;2026-10-03 03:30:00;2026-10-03 02:30:00;201;-10;-61;-141;-207;0;0;"AMAZONAS";;;"2009";303;-69;491;"20%-30%";;;;;
17122001;-10,823;-57,727;14334;"JURUA";2026-01-05 05:45:00;2026-01-05 04:45:00;2026-01-05 03:45:00;109;-38;-82;-192;-190;0;0;"DOS PEIXES";;;;;;;;;;;;
17130000;-7,731;-58,281;182000;"Foz do Juruena";2025-12-18 00:30:00;2025-12-17 23:30:00;2025-12-17 22:30:00;575;;;;114;0;0;"JURUENA";;;"2014";396;303;513;"100%-Máxima";;;;;
17277000;-12,31;-55,568;1792;"FAZENDA CERON";2026-10-03 04:30:00;2026-10-03 03:30:00;2026-10-03 02:30:00;265;4;11;14;-5;0;0,2;"CELESTE";;;;;;;;;;;;
17384000;-9,351;-56,781;90704;"UHE TELES PIRES BARRAMENTO";2026-05-10 23:00:00;2026-05-10 22:00:00;2026-05-10 21:00:00;27179;-3;10;-6;3;0;0;"TELES PIRES";;;;;;;;;;;;
17410100;-8,859;-57,419;132797;"UHE SÃO MANOEL JUSANTE 2";2026-10-03 04:30:00;2026-10-03 03:30:00;2026-10-03 02:30:00;426;-5;18;-3;-2;0;19,75;"TELES PIRES";;;"2020";447;427;464;"Mínima-0%";;;;;
17420000;-7,615;-57,95;138000;"Três Marias";2026-02-28 20:15:00;2026-02-28 19:15:00;2026-02-28 18:15:00;708;0;11;70;126;0;0;"TELES PIRES";;;"2014";440,5;133;525;"100%-Máxima";;;;;
17430000;-7,34;-58,155;333000;"BARRA DO SÃO MANUEL";2026-01-25 16:45:00;2026-01-25 15:45:00;2026-01-25 14:45:00;539;4;24;28;28;0;0;"TAPAJÓS";;;"2004";315,5;245;424;"100%-Máxima";;;;;
17680000;-5,456;-55,87;40200;"JAMANXIM";2025-10-14 17:00:00;2025-10-14 16:00:00;2025-10-14 15:00:00;386;7;21;;;0;0;"JAMANXIM";;;"2006";315;199;442;"90%-100%";;;;;
17730000;-4,276;-55,982;458000;"Itaituba";2026-10-03 04:30:00;2026-10-03 03:30:00;2026-10-03 02:30:00;226;-9;-31;-92;-136;0,2;4,6;"TAPAJOS";;;"2014";298;92;433;"20%-30%";;;;;
17900000;-2,414;-54,738;493000;"Santarem";2026-10-03 04:30:00;2026-10-03 03:30:00;2026-10-03 02:30:00;240;-14;-44;-106;-166;0;0;"AMAZONAS";;;"2009";248;26;449;"50%-60%";;;;;
18390000;-1,533;-52,577;5460000;"Almeirim";2026-10-03 04:30:00;2026-10-03 03:30:00;2026-10-03 02:30:00;314;-2;19;-42;-56;0;0;"AMAZONAS";;;"2022";327;202;395;"29%-43%";;;;;
18421600;-11,472;-54,994;3728;"PONTE MT 423 AZUL";2025-08-03 19:45:00;2025-08-03 18:45:00;2025-08-03 17:45:00;324;-1;-11;-23;-38;0;0;"AZUL";;;;;;;;;;;;
18460000;-6,736;-51,995;210000;"BOA SORTE";2026-02-21 17:45:00;2026-02-21 16:45:00;2026-02-21 15:45:00;661;6;39;61;50;0;0;"XINGU";;;"2004";361;309;406;"100%-Máxima";;;;;
18480000;-8,327;-51,46;6860;"FAZENDA RIO DOURADO";2026-10-03 05:00:00;2026-10-03 04:00:00;2026-10-03 03:00:00;209;0;0;-10;-8;0;0;"FRESCO";;;"2021";219;194;285;"10%-20%";;;;;
18500000;-6,745;-51,774;42400;"Boa Esperança";2026-10-03 05:00:00;2026-10-03 04:00:00;2026-10-03 03:00:00;327;0;-7;-7;-9;0,2;0,6;"FRESCO";;;"2014";269;118;473;"60%-70%";;;;;
18600000;-5,697;-54,246;58700;"LARANJEIRAS";2026-10-03 05:00:00;2026-10-03 04:00:00;2026-10-03 03:00:00;193;-1;-4;-16;-12;0;0;"IRIRI";;;"1980";205;178;294;"10%-20%";;;;;
18650000;-5,65;-54,521;35600;"CAJUEIRO";2026-10-03 05:00:00;2026-10-03 04:00:00;2026-10-03 03:00:00;132;-1;-12;-24;-16;0;0;"CURUÁ";;;"1980";159;124;293;"0%-10%";;;;;
18700000;-4,528;-54,013;122000;"Pedra do Ó";2026-10-03 04:30:00;2026-10-03 03:30:00;2026-10-03 02:30:00;283,2;-0,800000000000011;-0,699999999999989;0;-0,800000000000011;0;0;"IRIRI";;;"1980";306;276;363;"0%-10%";;;;;
18850000;-3,215;-52,212;448000;"ALTAMIRA";2026-10-03 04:30:00;2026-10-03 03:30:00;2026-10-03 02:30:00;612;0;-8;-18;-27;0;0;"XINGU";;;"1980";245,5;100;603;"100%-Máxima";;;;;
18936000;-2,882;-52,011;714;"VITÓRIA DO XINGU";2025-12-24 18:00:00;2025-12-24 17:00:00;2025-12-24 16:00:00;156;-17;25;10;34;0;0;"TUCURUI";;;"2022";121;44;153;"100%-Máxima";;;;;
18938001;-2,622;-51,954;486000;"SOUZEL";2026-10-03 05:15:00;2026-10-03 04:15:00;2026-10-03 03:15:00;285,7;-13,7;5,09999999999997;;-54,7;0;0,2;"XINGU";;;"2021";281;184;324;"40%-60%";;;;;
18950003;-1,753;-52,24;509000;"PORTO DE MOZ";2026-10-03 04:30:00;2026-10-03 03:30:00;2026-10-03 02:30:00;196;-12;-2;-21;-61;0;23,2;"XINGU";;;"2009";212;117;393;"30%-40%";;;;;
19500000;0,022;-51,05;5930000;"MACAPÁ";2026-06-21 03:30:00;2026-06-21 02:30:00;2026-06-21 01:30:00;181;8;-244;2;-239;0;0;"SOLIMÕES";;;"2007";270;175;400;"0%-10%";;;;;
19985000;-3,851;-50,64;2682;"PACAJÁS";2026-10-03 04:30:00;2026-10-03 03:30:00;2026-10-03 02:30:00;353;-1;-12;-11;-18;0;0;"PACAJÁS";;;"2006";381;291;543;"20%-30%";;;;;
20001050;-15,523;-47,816;;"SONHEM";2025-12-31 23:45:00;2025-12-31 22:45:00;2025-12-31 21:45:00;76;-5;0;-2;1;0;0;"SONHEM";;;"2015";127;113;155;"Mínima-0%";;;;;
21210000;-15,322;-47,382;533;"FAZENDA ESPÍRITO SANTO";2025-12-18 20:30:00;2025-12-18 19:30:00;2025-12-18 18:30:00;176;;33;;;0;0;"PARANÃ";;;"2022";122;110;138;"100%-Máxima";;;;;
21500000;-13,763;-46,838;22600;"Nova Roma";2026-10-03 04:45:00;2026-10-03 03:45:00;2026-10-03 02:45:00;53;3;2;0;3;35,8;35,8;"PARANÃ";;;"1990";70;48;120;"0%-10%";;;;;
22050001;-12,023;-48,533;128000;"Peixe";2026-10-02 10:45:00;2026-10-02 09:45:00;2026-10-02 08:45:00;335;31;86;70;152;0;0;"TOCANTINS";;;"1980";207;68;344;"90%-100%";;;;;
22100000;-12,392;-48,712;8720;"Colonha";2026-03-21 07:00:00;2026-03-21 06:00:00;2026-03-21 05:00:00;394;0;-119;-221;-43;0;0;"SANTA TEREZA";;;"1980";161,5;109;227;"100%-Máxima";;550;600;700;"Normal"
22250000;-11,533;-48,289;14500;"Fazenda Lobeira";2026-10-03 04:45:00;2026-10-03 03:45:00;2026-10-03 02:45:00;32;3;5;5;0;0;0;"MANUEL ALVES";;;"1980";47,5;29;94;"0%-10%";;;;;
22900000;-9,307;-47,929;44100;"Porto Real";2025-12-08 06:45:00;2025-12-08 05:45:00;2025-12-08 04:45:00;128;-5;8;2;100;0;0;"DO SONO";;;"1980";71;6;226;"80%-90%";;;;;
23100000;-8,392;-48,111;242000;"Tupiratins";2026-10-03 04:30:00;2026-10-03 03:30:00;2026-10-03 02:30:00;190;21;22;46;58;6,8;6,8;"TOCANTINS";;;"1980";114,5;32;228;"80%-90%";;;;;
23700000;-5,789;-47,469;297000;"Descarreto";2026-10-03 04:15:00;2026-10-03 03:15:00;2026-10-03 02:15:00;76;-20;-32;2;-9;2,8;10;"TOCANTINS";;;"1980";94;57;141;"10%-20%";;;;;
24653000;-15,902;-52,277;13353;"DAS GARÇAS";2026-01-24 06:15:00;2026-01-24 05:15:00;2026-01-24 04:15:00;242;-86;126;137;;0;0;"DAS GARÇAS";;;;;;;;;;;;
24700000;-15,891;-52,228;36800;"Barra do Garças";2026-10-03 04:30:00;2026-10-03 03:30:00;2026-10-03 02:30:00;103,8;2,7;-29,6;20,8;-2,3;0,8;24,8;"ARAGUAIA";;;"1977";91,5;51;238;"60%-70%";;;;;
24850000;-15,738;-51,828;50100;"Araguaiana";2026-04-23 07:00:00;2026-04-23 06:00:00;2026-04-23 05:00:00;287;-3;-16;-61;-51;0;0;"ARAGUAIA";;;"1977";157;78;267;"100%-Máxima";;;;;
24950000;-15,94;-51,358;10100;"MONTES CLAROS DE GOIÁS";2026-10-03 05:15:00;2026-10-03 04:15:00;2026-10-03 03:15:00;221;5;-3;3;-22;0,8;19,2;"CLARO";;;"1977";258;193;358;"0%-10%";;;;;
25090000;-15,915;-50,128;103;"FAZENDA PACIÊNCIA";2026-10-03 05:15:00;2026-10-03 04:15:00;2026-10-03 03:15:00;25;2;1;1;0;3,2;11,4;"VERMELHO";;;"2004";32;16;42;"20%-30%";;;;;
25200000;-14,913;-51,081;76300;"Aruanã";2026-10-03 05:00:00;2026-10-03 04:00:00;2026-10-03 03:00:00;124,7;-6,60000000000001;10,9;-7,7;-14;1,8;6,6;"ARAGUAIA";;;"1993";139;73;210;"20%-30%";;;;;
25700000;-13,69;-50,8;92300;"Bandeirantes";2026-10-03 05:00:00;2026-10-03 04:00:00;2026-10-03 03:00:00;336;4;19;-7;8;5,8;13,6;"ARAGUAIA";;;"1983";382;290;457;"10%-20%";;;;;
26033900;-15,305;-54,186;5369;"ÁGUAS CLARAS";2025-12-03 09:45:00;2025-12-03 08:45:00;2025-12-03 07:45:00;582,3;-0,400000000000091;5,39999999999998;-3,5;0,699999999999932;0;0;"DAS MORTES";;;;;;;;;;;;
26100000;-14,673;-52,355;25300;"XAVANTINA";2026-10-03 04:15:00;2026-10-03 03:15:00;2026-10-03 02:15:00;33;4;-4;5;-5;7;8,4;"DAS MORTES";;;"1980";60,5;20;110;"0%-10%";;;;;
26350000;-11,618;-50,663;194000;"São Félix do Araguaia";2026-10-03 05:15:00;2026-10-03 04:15:00;2026-10-03 03:15:00;287;-2;-27;-30;-26;0;14,8;"ARAGUAIA";;;"1991";292;256;393;"40%-50%";;;;;
27320000;-8,803;-49,555;319000;"Araguacema";2026-10-03 04:30:00;2026-10-03 03:30:00;2026-10-03 02:30:00;223;1;-1;2;-1;11;11;"ARAGUAIA";;;"1980";243;202;337;"10%-20%";;;;;
27500000;-8,269;-49,259;332000;"Conceição do Araguaia";2025-12-24 17:45:00;2025-12-24 16:45:00;2025-12-24 15:45:00;277;5;40;36;64;0;0;"ARAGUAIA";;;"1980";215;170;300;"90%-100%";;;;;
28300000;-6,41;-48,542;377000;"Xambioá";2026-04-12 11:45:00;2026-04-12 10:45:00;2026-04-12 09:45:00;324,3;;-276,7;-264,4;-259;0;0;"ARAGUAIA";;;"1980";199;108;281;"100%-Máxima";;;;;
28850000;-5,651;-48,133;388000;"Araguatins";2026-10-03 04:30:00;2026-10-03 03:30:00;2026-10-03 02:30:00;243;2;3;0;-4;0,6;4;"ARAGUAIA";;;"1980";261;228;318;"10%-20%";;;;;
29050000;-5,339;-49,124;703000;"Marabá";2026-10-03 04:15:00;2026-10-03 03:15:00;2026-10-03 02:15:00;199;6;-20;;;5;5;"TOCANTINS";;;"1980";220,5;80;315;"30%-40%";;;;;
29200000;-5,128;-49,324;746000;"Itupiranga";2026-02-14 08:15:00;2026-02-14 07:15:00;2026-02-14 06:15:00;736;40;58;61;72;0;0;"TOCANTINS";;;"1980";306;90;699;"100%-Máxima";;;;;
30080000;0,986;-51,706;10600;"Capivara";2026-10-03 04:30:00;2026-10-03 03:30:00;2026-10-03 02:30:00;337;-1;-12;-19;-34;0;0;"ARAGUARI";;;"2019";385,5;319;610;"0%-10%";;;;;
30300000;0,901;-52,016;10800;"Serra do Navio";2026-10-03 04:30:00;2026-10-03 03:30:00;2026-10-03 02:30:00;424;-4;-12;-10;-29;0;0;"AMAPARI";;;"2011";450;390;661;"20%-30%";;;;;
33530000;-5,337;-43,884;27300;"Montevidéu";2026-10-03 04:45:00;2026-10-03 03:45:00;2026-10-03 02:45:00;98;0;1;0;-3;0;0;"ITAPECURU";;;"2022";159;93;250;"0%-10%";;350;370;400;"Normal"
33590000;-4,458;-43,875;37200;"Codó";2026-10-03 04:45:00;2026-10-03 03:45:00;2026-10-03 02:45:00;22;-1;1;-3;-5;0;0;"ITAPECURU";;;"1986";121;17;222;"0%-10%";;;;;
33690000;-3,37;-44,345;;"Itapecuru-Mirim";;;;;;;;;;;"ITAPECURU";;;;;;;;;;;;
34020000;-9,113;-45,926;12900;"ALTO PARNAÍBA";2025-12-04 17:00:00;2025-12-04 16:00:00;2025-12-04 15:00:00;346;-16;-29;-6;38;0;0;"PARNAÍBA";;;"1980";344;298;457;"50%-60%";;;;;
34040500;-8,271;-45,668;25500;"FAZENDA PARACATI II";2026-10-03 04:45:00;2026-10-03 03:45:00;2026-10-03 02:45:00;118;-1,09999999999999;5,3;7,8;2,2;0;13,8;"PARNAÍBA";;;"2002";126;105;147;"10%-20%";;;;;
34060000;-7,567;-45,254;31300;"Ribeiro Gonçalves";2026-10-03 04:45:00;2026-10-03 03:45:00;2026-10-03 02:45:00;266;-1;5;5;0;0;0;"PARNAÍBA";;;"1979";271;232;328;"20%-30%";;;;;
34070000;-7,381;-44,827;35300;"SÍTIO DO VELHO";2026-10-03 04:45:00;2026-10-03 03:45:00;2026-10-03 02:45:00;197;-1;6;5;1;0;0;"PARNAÍBA";;;"2002";199;179;244;"40%-50%";;;;;
34080000;-8,673;-44,886;4820;"FORMOSA DO URUÇUÍ PRETO";2026-10-03 04:45:00;2026-10-03 03:45:00;2026-10-03 02:45:00;188;1;0;-2;-7;0,8;0,8;"URUÇUÍ PRETO";;;"2021";166;152;198;"70%-80%";;;;;
34090000;-7,391;-44,614;15600;"FAZENDA BANDEIRA";2026-10-03 04:45:00;2026-10-03 03:45:00;2026-10-03 02:45:00;302;0;-1;-3;-6;0;0;"URUÇUÍ PRETO";;;"2002";313,5;283;347;"20%-30%";;;;;
34130000;-7,534;-46,036;9040;"BALSAS";2026-10-03 04:45:00;2026-10-03 03:45:00;2026-10-03 02:45:00;254;-1;2;2;-3;0;0,4;"DAS BALSAS";;;"2016";255,5;230;297;"30%-40%";;;;;
34170000;-7,082;-44,814;24700;"SÃO FÉLIX DE BALSAS";2026-10-03 05:00:00;2026-10-03 04:00:00;2026-10-03 03:00:00;108;0;3;1;-7;0;0;"DAS BALSAS";;;"1985";116;90;169;"10%-20%";;;;;
34233000;-9,54;-44,601;22700;"REDENÇÃO DO GURGUÉIA";2025-11-30 17:00:00;2025-11-30 16:00:00;2025-11-30 15:00:00;210;-21;;57;42;0;0;"GURGUÉIA";;;"2025";133;102;158;"100%-Máxima";;;;;
34251000;-8,793;-44,206;31000;"CRISTINO CASTRO II";2025-12-25 09:45:00;2025-12-25 08:45:00;2025-12-25 07:45:00;246;1;-71;-49;-24;0;0;"GURGUÉIA";;;"1980";74;19;221;"100%-Máxima";;;;;
34270000;-7,248;-43,643;47000;"Barra do Lance";2026-10-03 04:45:00;2026-10-03 03:45:00;2026-10-03 02:45:00;84;-1;-3;-6;-9;0,8;1,4;"GURGUÉIA";;;"1980";80,5;58;141;"60%-70%";;;;;
34311000;-6,761;-43,028;140000;"Barão de Grajaú";2026-10-03 05:00:00;2026-10-03 04:00:00;2026-10-03 03:00:00;236;1;-44;-11;-18;0;0,2;"PARNAÍBA";;;"1985";328;221;435;"10%-20%";;;;;
34340000;-6,814;-42,967;9910;"PONTE DA ITAUEIRA";2026-10-03 04:45:00;2026-10-03 03:45:00;2026-10-03 02:45:00;123;-1,5;-11,4;-17,4;-24,8;0;0;"ITAUEIRA";;;"2020";119;79;148;"78%-89%";;;;;
34471000;-7,189;-41,77;17700;"SANTA CRUZ DO PIAUÍ II";2026-10-03 05:00:00;2026-10-03 04:00:00;2026-10-03 03:00:00;91,6;-0,700000000000003;12,4;-4,80000000000001;-12,1;0;0;"ITAIM";;;"2004";113;88;220;"10%-20%";;;;;
34479000;-6,986;-42,088;28800;"FAZENDA TALHADA II";2026-10-03 04:45:00;2026-10-03 03:45:00;2026-10-03 02:45:00;160;1;-1;-1;-5;0;0;"CANINDÉ";;;"2024";161;150;166;"40%-60%";;;;;
34564000;-8,355;-42,245;15600;"São João do Piauí";2026-03-10 14:15:00;2026-03-10 13:15:00;2026-03-10 12:15:00;168;-29;18;29;40;0;0;"PIAUÍ";;;;;;;;;;;;
34600000;-6,622;-42,697;73700;"Francisco Ayres";2026-10-03 04:45:00;2026-10-03 03:45:00;2026-10-03 02:45:00;102;1;-2;-2;-4;0;9,4;"CANINDÉ";;;"2004";52;-9;413;"70%-80%";;;;;
34660000;-5,572;-43,024;235000;"Fazenda Veneza";2026-10-03 04:45:00;2026-10-03 03:45:00;2026-10-03 02:45:00;145;15;-13;7;-15;0;0;"PARNAÍBA";;;"1985";158;86;228;"20%-30%";;;;;
34690000;-5,135;-42,811;237000;"Teresina";2026-09-30 20:45:00;2026-09-30 19:45:00;2026-09-30 18:45:00;169;-4;10;21;13;0;0;"POTI";;;"1985";241,5;37;312;"10%-20%";;;;;
34742000;-5,059;-41,157;11400;"Bebedouro";2026-02-15 07:00:00;2026-02-15 06:00:00;2026-02-15 05:00:00;163;;0;-1;27;0;0;"POTI";;;"2020";144;124;156;"100%-Máxima";;;;;
34750000;-5,223;-41,738;19200;"Fazenda Boa Esperança";2026-10-03 04:45:00;2026-10-03 03:45:00;2026-10-03 02:45:00;87;-1;-6;-11;-17;0;0;"POTI";;;"2004";110;26;171;"30%-40%";;;;;
34770000;-5,666;-42,214;43400;"Prata do Piauí";2026-10-03 04:15:00;2026-10-03 03:15:00;2026-10-03 02:15:00;4;-1;0;2;;0;1,2;"POTI";;;"2009";25;4;89;"Mínima-0%";;;;;
34789000;-5,2;-42,696;51400;"Fazenda Cantinho II";2025-12-01 23:30:00;2025-12-01 22:30:00;2025-12-01 21:30:00;70;0;0;;-13;0;0;"POTI";;;"2019";61;-8;212;"50%-60%";;;;;
34790000;-5,2;-42,717;51400;"Fazenda Cantinho";;;;;;;;;;;"PARNAÍBA";;;;;;;;;;;;
34820000;-4,288;-42,986;294000;"Coelho Neto";2026-10-03 04:45:00;2026-10-03 03:45:00;2026-10-03 02:45:00;225;-5;-6;14;5;0;0;"PARNAÍBA";;;"2009";257;223;306;"0%-10%";;;;;
34879500;-3,454;-42,37;298000;"Luzilândia";2026-09-30 17:00:00;2026-09-30 16:00:00;2026-09-30 15:00:00;127;-10;;-16;-9;0;0;"PARNAÍBA";;;"1985";140;95;188;"30%-40%";;;;;
34930000;-4,41;-42,181;4910;"Fazenda Alegria";2026-10-03 04:45:00;2026-10-03 03:45:00;2026-10-03 02:45:00;97;-1;-4;-8;-12;0,4;4,6;"LONGÁ";;;"2008";94;60;115;"56%-67%";;;;;
34933000;-4,393;-42,407;1760;"PEDRA BRANCA";2025-11-02 13:00:00;2025-11-02 12:00:00;2025-11-02 11:00:00;64;;1;-6;-13;0;0;"MARATÃ";;;"2020";106,5;92;128;"Mínima-0%";;;;;
34936000;-4,238;-42,305;2900;"Pedrinhas";2026-10-03 04:45:00;2026-10-03 03:45:00;2026-10-03 02:45:00;238;-2;-9;-17;-25;0;0;"MARATÃ";;;"2020";230;184;268;"40%-50%";;;;;
34940000;-3,903;-42,23;11200;"Esperantina";2026-10-03 04:45:00;2026-10-03 03:45:00;2026-10-03 02:45:00;267;-2;-7;-13;-20;0;1,6;"LONGÁ";;;"2008";264;208;311;"50%-60%";;;;;
34976000;-3,937;-41,717;5190;"PIRACURUCA";2026-10-03 04:45:00;2026-10-03 03:45:00;2026-10-03 02:45:00;234;0;0;0;0;0;1,4;"PIRACURUCA";;;"2009";234;227;258;"33%-50%";;;;;
34980000;-3,724;-41,974;21800;"TINGUIS";2026-04-30 23:45:00;2026-04-30 22:45:00;2026-04-30 21:45:00;523;33;84;61;226;0;0;"LONGÁ";;;"2009";63;-10;163;"100%-Máxima";;;;;
36320000;-5,9;-38,633;39600;"Jaguaribe";2026-08-04 20:15:00;2026-08-04 19:15:00;2026-08-04 18:15:00;220;1;-2;-2;16;0;0;"JAGUARIBE";;;"1985";204;169;256;"60%-70%";;;;;
39100000;-7,962;-36,202;1560;"Capibaribe";2026-10-02 23:45:00;2026-10-02 22:45:00;2026-10-02 21:45:00;130;-1;0;1;1;41;164;"CAPIBARIBE";;;"2020";111;94;147;"71%-86%";;;;;
39575000;-8,883;-36,219;808;"CANHOTINHO";2026-03-24 07:00:00;2026-03-24 06:00:00;2026-03-24 05:00:00;135;-1;-10;-22;-43;0;0;"CANHOTO";;;"2022";138;125;150;"14%-29%";;;;;
39689000;-9,124;-36,339;479;"CORRENTES II";;;;;;;;;;;"MUNDAU";;;;;;;;;;;;
39700000;-9,168;-36,218;767;"SANTANA DO MUNDAU";2026-10-03 05:15:00;2026-10-03 04:15:00;2026-10-03 03:15:00;201;-1;-2;-9;-5;0;0;"MUNDAU";;;"2022";218;197;296;"10%-20%";;;;;
39715000;-9,002;-36,326;128;"PALMERINA";2025-12-02 09:15:00;2025-12-02 08:15:00;2025-12-02 07:15:00;50;2;7;12;15;0;0;"PALMERINA";;;"2022";46,5;33;62;"70%-80%";;;;;
39720000;-9,004;-36,051;1170;"SÃO JOSE DA LAJE";2026-10-03 05:15:00;2026-10-03 04:15:00;2026-10-03 03:15:00;184;-1;-1;-3;-1;0;0,8;"CANHOTO";;;"2000";170;156;191;"78%-89%";;;;;
39740000;-9,154;-36,036;2900;"UNIAO DOS PALMARES";2026-10-03 05:00:00;2026-10-03 04:00:00;2026-10-03 03:00:00;135;-2;-1;-18;-12;0;0;"MUNDAU";;;"2022";156;97;210;"30%-40%";;;;;
39760000;-9,314;-35,95;3290;"MURICI PONTE";2026-10-03 05:00:00;2026-10-03 04:00:00;2026-10-03 03:00:00;96;-3;0;-8;-14;0;0;"MUNDAU";;;"2022";114;64;243;"30%-40%";;;;;
41340000;-19,56;-43,911;4860;"Ponte Raul Soares";2026-10-03 05:00:00;2026-10-03 04:00:00;2026-10-03 03:00:00;52;20;12;-10;-2;1;1;"DAS VELHAS";;;"2022";98,5;16;199;"10%-20%";;750;800;850;"Normal"
41350000;-19,543;-43,903;;"Pirapora";;;;;;;;;;;"SÃO FRANCISCO";;;;;;;;;;;;
41410000;-19,231;-44,025;7080;"Jequitibá";2026-10-03 05:00:00;2026-10-03 04:00:00;2026-10-03 03:00:00;66;0;-10;-35;-12;0,8;1,2;"DAS VELHAS";;;"2022";87;50;184;"10%-20%";;800;1000;1180;"Normal"
41650002;-18,673;-44,194;10700;"Ponto do Licínio";2026-07-28 14:00:00;2026-07-28 13:00:00;2026-07-28 12:00:00;150;3;1;0;;0;0;"DAS VELHAS";;;"2022";151;126;205;"40%-50%";;810;860;910;"Normal"
41780002;-18,645;-44,051;3980;"Presidente Juscelino";2026-10-03 05:15:00;2026-10-03 04:15:00;2026-10-03 03:15:00;68;11;7;-8;4;21,8;21,8;"PARAUNA";;;"2020";55;38;99;"60%-70%";;;;;
41818000;-18,306;-44,226;16600;"Santo Hipólito";2026-10-03 04:45:00;2026-10-03 03:45:00;2026-10-03 02:45:00;81;4;-4;-51;-6;3,2;3,2;"DAS VELHAS";;;"2020";94;55;167;"20%-30%";;540;640;745;"Normal"
42449000;-15,958;-47,375;1060;"UHE QUEIMADO MONTANTE";2026-10-03 04:00:00;2026-10-03 03:00:00;2026-10-03 02:00:00;147;;;;-18;2;2;"PRETO";;;"2005";155;131;191;"30%-40%";;;;;
42450300;-15,641;-47,357;163;"RIBEIRÃO JACARÉ";2026-10-03 04:30:00;2026-10-03 03:30:00;2026-10-03 02:30:00;37;6;-8;-2;-6;0;0;"CÓRREGO BURITI GRANDE";;;"2006";92;46;135;"Mínima-0%";;;;;
42450900;-15,974;-47,399;;"RIBEIRÃO JARDIM DF-100";2026-10-03 04:15:00;2026-10-03 03:15:00;2026-10-03 02:15:00;73;-2;-131;-136;-136;5;5;"RIBEIRÃO JARDIM";;;"2022";165;159;171;"Mínima-0%";;;;;
44200000;-15,949;-44,868;184000;"São Francisco";2026-10-03 05:15:00;2026-10-03 04:15:00;2026-10-03 03:15:00;241;2;-9;-11;-15;10;10;"SÃO FRANCISCO";;;"1992";252;132;366;"40%-50%";;600;640;750;"Normal"
44290002;-15,601;-44,397;194000;"Pedras de Maria da Cruz";;;;;;;;;;;"SÃO FRANCISCO";;;;;;;;;;;;
44500000;-14,757;-43,932;202000;"Manga";;;;;;;;;;;"SÃO FRANCISCO";;;;;;;;;850;900;950;
45298000;-14,304;-43,763;254000;"Carinhanha";2026-10-03 04:30:00;2026-10-03 03:30:00;2026-10-03 02:30:00;151;-5;-17;-13;-7;0;0;"SÃO FRANCISCO";;;"1979";182;61;276;"20%-30%";;860;930;1000;"Normal"
45480000;-13,257;-43,435;271000;"Bom Jesus da Lapa";2026-10-03 04:30:00;2026-10-03 03:30:00;2026-10-03 02:30:00;326;-2;-11;-9;4;0;0;"SÃO FRANCISCO";;;"1979";338,5;202;434;"30%-40%";;850;900;950;"Normal"
45960001;-13,291;-43,909;31000;"Porto Novo";2026-10-03 05:00:00;2026-10-03 04:00:00;2026-10-03 03:00:00;32;0;-2;1;-3;0;0;"CORRENTE";;;"2016";114,5;39;192;"Mínima-0%";;500;550;600;"Normal"
46675000;-11,611;-44,157;39600;"Fazenda Macambira";2024-11-28 10:00:00;2024-11-28 09:00:00;2024-11-28 08:00:00;221;4;18;57;70;0;0;"GRANDE";;;"2021";145;65;246;"90%-100%";;;;;
46902000;-11,345;-43,826;65900;"Boqueirão";2026-10-03 05:15:00;2026-10-03 04:15:00;2026-10-03 03:15:00;25;-1;0;-5;-9;0;0;"GRANDE";;;"1980";64;20;120;"0%-10%";;400;425;450;"Normal"
46998000;-11,093;-43,14;425000;"Barra";2026-10-03 04:30:00;2026-10-03 03:30:00;2026-10-03 02:30:00;180;1;1;2;28;43,8;43,8;"SÃO FRANCISCO";;;"1926";121;73;217;"67%-78%";;720;760;800;"Normal"
50520000;-11,06;-38,837;26100;"Ponte Euclides da Cunha";2026-10-03 04:30:00;2026-10-03 03:30:00;2026-10-03 02:30:00;77;-1;-2;-3;-5;0;0;"ITAPICURU";;;"1969";44;6;160;"80%-90%";;;;;
51240000;-12,986;-40,958;16500;"Itaeté";2026-10-03 05:15:00;2026-10-03 04:15:00;2026-10-03 03:15:00;396;-2;-25;7;-2;0;0;"PARAGUAÇU";;;"1978";423,5;377;664;"0%-10%";;;;;
53460500;-15,669;-42,453;2870;"Passagem das Éguas";2026-03-03 08:30:00;2026-03-03 07:30:00;2026-03-03 06:30:00;495;;131;170;110;0;0;"PARDO";;;"2021";240;197;252;"100%-Máxima";;;;;
56110000;-20,417;-42,9;6210;"Ponte Nova";;;;;;;;;;;"PIRANGA";;;;;;;;;;;;
56110005;-20,384;-42,903;6230;"Ponte Nova";2026-10-03 05:00:00;2026-10-03 04:00:00;2026-10-03 03:00:00;151;53;34;25;-26;23,8;34;"DOCE";;;"2012";107;53;182;"90%-100%";;;;;
56610000;-19,932;-43,173;1163;"Piracicaba";2026-10-03 05:00:00;2026-10-03 04:00:00;2026-10-03 03:00:00;97;4;20;12;23;11,2;51,2;"DOCE";;;"2022";82;0;202;"50%-60%";;;;;
56660000;-19,767;-43,033;3060;"Nova Era";;;;;;;;;;;"PIRACICABA";;;;;;;;;;;;
56661000;-19,767;-43,026;3060;"Nova Era";2026-10-03 05:15:00;2026-10-03 04:15:00;2026-10-03 03:15:00;67;28;32;20;28;8,2;19,2;"DOCE";;;"2022";63;32;84;"60%-70%";;;;;
56696000;-19,525;-42,641;5270;"Má De Carvalho";2026-05-26 14:30:00;2026-05-26 13:30:00;2026-05-26 12:30:00;112;-3;-6;1;-10;0;0;"DOCE";;;"2022";100;7;172;"50%-60%";;;;;
56825000;-19,188;-42,423;10200;"Naque Velho";2026-10-03 05:15:00;2026-10-03 04:15:00;2026-10-03 03:15:00;176,4;1,5;-46,6;-84,1;-27,1;3;5,8;"DOCE";;;"2016";198,5;134;291;"30%-40%";;;;;
56850000;-18,883;-41,951;40500;"Governador Valadares";2026-06-15 14:30:00;2026-06-15 13:30:00;2026-06-15 12:30:00;117;-20;-14;-29;-28;0;0;"DOCE";;;"1997";136;85;241;"20%-30%";;300;320;360;"Normal"
56994500;-19,533;-40,63;76400;"Colatina";2026-10-03 05:15:00;2026-10-03 04:15:00;2026-10-03 03:15:00;139;20;3;-2;-4;0;6;"DOCE";;;"2013";98;30;273;"80%-90%";;460;530;580;"Normal"
56998200;-19,415;-40,076;82100;"Linhares";;;;;;;;;;;"DOCE";;;;;;;;;;;;
58770000;-21,389;-42,696;5880;"Cataguases";2026-10-03 05:00:00;2026-10-03 04:00:00;2026-10-03 03:00:00;174,5;25,1;40,5;11;29,9;16;54,6;"POMBA";;;"1979";92;56;171;"100%-Máxima";;;;;
58790002;-21,542;-42,181;8210;"Santo Antônio de Pádua II";2026-10-03 05:30:00;2026-10-03 04:30:00;2026-10-03 03:30:00;149;27;18;-23;11;16,2;34;"POMBA";;;"2012";64,5;30;118;"100%-Máxima";;;;;
58792100;-21,621;-42,1;8530;"Aperibé";2026-01-03 17:45:00;2026-01-03 16:45:00;2026-01-03 15:45:00;99;29;1;-77;50;0;0;"POMBA";;;"2022";46;27;89;"100%-Máxima";;;;;
58940000;-21,208;-41,892;5800;"Itaperuna";2026-10-03 05:15:00;2026-10-03 04:15:00;2026-10-03 03:15:00;254;15;29;41;54;39,8;70,6;"MURIAÉ";;;"2008";185;138;243;"100%-Máxima";;;;;
58960000;-21,492;-41,614;7210;"Cardoso Moreira";2026-08-24 17:45:00;2026-08-24 16:45:00;2026-08-24 15:45:00;74;15;-22;15;12;0;0;"MURIAÉ";;;"2008";77,5;-10;257;"40%-50%";;300;500;750;"Normal"
58974000;-21,751;-41,324;55700;"Campos";2026-10-03 05:15:00;2026-10-03 04:15:00;2026-10-03 03:15:00;520;34;-23;-54;19;30,6;46,4;"MURIAÉ";;;"1966";611;451;803;"10%-20%";;;;;
60435500;-15,778;-48,231;433;"DESCOBERTO - BARRAGEM";2026-06-09 11:30:00;2026-06-09 10:30:00;2026-06-09 09:30:00;103004;0;1;0;-2;0;0;"DESCOBERTO";;;"1989";102828;102326;102998;"100%-Máxima";;;;;
60444035;-16,047;-48,082;45;"ALAGADO";2025-12-31 23:45:00;2025-12-31 22:45:00;2025-12-31 21:45:00;26;-1;3;-17;0;0;0;"ALAGADO";;;"2018";59,5;50;75;"Mínima-0%";;;;;
60472235;-15,614;-47,546;127;"PIPIRIPAU";2026-08-09 14:15:00;2026-08-09 13:15:00;2026-08-09 12:15:00;151;-2;-2;-4;-6;0;0;"PIPIRIPAU";;;"2011";145;138;152;"89%-100%";;;;;
60474300;-15,727;-47,697;;"RIBEIRÃO SOBRADINHO";2025-12-31 23:45:00;2025-12-31 22:45:00;2025-12-31 21:45:00;29;-5;7;-17;-6;0;0;"RIBEIRÃO SOBRADINHO";;;"2020";34;29;38;"Mínima-0%";;;;;
60640000;-16,614;-49,28;1740;"MONTANTE DE GOIÂNIA";2026-04-21 17:15:00;2026-04-21 16:15:00;2026-04-21 15:15:00;240;-3;-5;-29;-18;0;0;"MEIA PONTE";;;"2020";180;134;241;"90%-100%";;;;;
60680000;-18,349;-49,602;11500;"PONTE MEIA PONTE";2026-10-03 04:45:00;2026-10-03 03:45:00;2026-10-03 02:45:00;40;-3;3;-12;-55;1,4;24,8;"MEIA PONTE";;;"2005";78;22;190;"10%-20%";;;;;
60765000;-17,732;-50,181;7890;"BARRA DO MONJOLO";2025-12-14 09:15:00;2025-12-14 08:15:00;2025-12-14 07:15:00;86;0;;;;0;0;"TURVO";;;"1982";73;30;188;"50%-60%";;;;;
60798000;-17,968;-50,333;12800;"MAURILÂNDIA";2026-10-03 04:45:00;2026-10-03 03:45:00;2026-10-03 02:45:00;196;27;28;15;8;0,8;26,8;"VERDE OU VERDÃO";;;"1982";190;157;245;"60%-70%";;;;;
64444000;-25,076;-50,389;4580;"UHE GOV. JAYME CANET JUNIOR UVAIA MONTANTE";2026-10-03 05:00:00;2026-10-03 04:00:00;2026-10-03 03:00:00;529,7;-21,5;-158,1;-354;-58,1999999999999;0;34,6;"TIBAGI";;;"2013";193;47;638;"90%-100%";;;;;
64508500;-23,17;-50,788;1050;"PONTE PRETA";2026-04-05 18:15:00;2026-04-05 17:15:00;2026-04-05 16:15:00;91;;1;-4;-12;0;0;"CONGONHAS";;;;;;;;;;;;
64764000;-24,983;-52,283;1690;"GUAMPARÁ";2026-10-03 04:30:00;2026-10-03 03:30:00;2026-10-03 02:30:00;20,5;0,100000000000001;1,2;2;1,5;0;0;"PIQUIRI";;;"2017";224,5;167;412;"Mínima-0%";;;;;
65010000;-25,519;-49,146;106;"FAZENDINHA";2026-05-26 04:00:00;2026-05-26 03:00:00;2026-05-26 02:00:00;109;-9;-62;-55;30;0;0;"PEQUENO";;;"2022";112;50;264;"50%-60%";;;;;
65025000;-25,6;-49,513;2330;"GUAJUVIRA";2026-09-10 11:00:00;2026-09-10 10:00:00;2026-09-10 09:00:00;323;9;-77;190;19;0;0;"IGUAÇU";;;"2014";190,5;62;414;"90%-100%";;;;;
65990550;-25,746;-53,841;969;"MUNIZ";2026-03-02 21:30:00;2026-03-02 20:30:00;2026-03-02 19:30:00;149;-1;-6;-7;;0;0;"SANTO ANTÔNIO";;;"1996";150,5;85;359;"50%-60%";;;;;
66010000;-15,076;-57,182;9250;"BARRA DO BUGRES";2026-09-20 17:00:00;2026-09-20 16:00:00;2026-09-20 15:00:00;42;0;-4;-4;0;0;0;"PARAGUAI";;;"1991";62;24;212;"0%-10%";;460;510;560;"Normal"
66070004;-16,076;-57,702;32400;"CÁCERES (DNPVN)";2026-10-03 05:00:00;2026-10-03 04:00:00;2026-10-03 03:00:00;74;1;-15;-13;-26;0,4;3,2;"PARAGUAI";;;"1982";145;28;327;"0%-10%";;480;530;630;"Normal"
66090000;-16,733;-57,749;47100;"DESCALVADOS";;;;;;;;;;;"PARAGUAI";;;;;;;;;;;;
66120000;-17,143;-57,359;64000;"PORTO CONCEICAO";2026-09-13 23:30:00;2026-09-13 22:30:00;2026-09-13 21:30:00;245;2;0;-11;-31;0;0;"PARAGUAI";;;"1995";303;163;422;"10%-20%";;;;;
66125000;-17,641;-57,691;68900;"BELA VISTA DO NORTE";2026-04-16 15:15:00;2026-04-16 14:15:00;2026-04-16 13:15:00;406;-1;13;25;36;0;0;"PARAGUAI";;;"1982";362;230;410;"90%-100%";;;;;
66260001;-15,616;-56,109;23500;"CUIABÁ";2024-04-22 17:00:00;2024-04-22 16:00:00;2024-04-22 15:00:00;226;16;-24;13;-18;0;0;"CUIABÁ";;;"1974";117;3;358;"90%-100%";;600;700;800;"Normal"
66260002;-15,583;-56,134;22800;"CUIABÁ";;;;;;;;;;;"CUIABÁ";;;;;;;;;;;;
66260006;-15,619;-56,1;23500;"CUIABÁ";2026-04-13 21:00:00;2026-04-13 20:00:00;2026-04-13 19:00:00;317;0;39;;-36;0;0;"CUIABÁ";;;;;;;;;;;;
66270000;-15,87;-56,076;25300;"SANTO ANTÔNIO DO LEVERGER";2025-12-07 20:45:00;2025-12-07 19:45:00;2025-12-07 18:45:00;288;4;;28;20;0;0;"CUIABÁ";;;"1974";311;224;411;"20%-30%";;;;;
66280000;-16,193;-55,967;28900;"BARÃO DE MELGAÇO";2025-11-28 07:00:00;2025-11-28 06:00:00;2025-11-28 05:00:00;206;-2;4;6;4;0;0;"CUIABÁ";;;"1992";234;167;765;"10%-20%";;;;;
66340000;-16,512;-56,376;36900;"PORTO CERCADO (Ex-Retiro BiguaÃ§al)";;;;;;;;;;;"CUIABÁ";;;;;;;;;;;;
66460000;-16,608;-55,206;23000;"ACIMA DO CÓRREGO GRANDE";2026-01-29 17:00:00;2026-01-29 16:00:00;2026-01-29 15:00:00;144;11;-50;-6;11;0;0;"SÃO LOURENÇO";;;"1997";79;7;185;"90%-100%";;;;;
66470000;-16,925;-56,224;24100;"SÃO JOSÉ DO BORIREU";2023-09-15 07:00:00;2023-09-15 06:00:00;2023-09-15 05:00:00;69;-4;-4;-1;-2;0;0;"SÃO LOURENÇO";;;;;;;;;;;;
66600000;-17,202;-56,009;23300;"SÃO JERÔNIMO";2026-10-03 04:45:00;2026-10-03 03:45:00;2026-10-03 02:45:00;195;-1;4;1;5;0;57;"PIQUIRI";;;;;;;;;;;;
66650000;-17,292;-56,387;30000;"SÃO JOSÉ DO PIQUIRI";2026-06-24 16:00:00;2026-06-24 15:00:00;2026-06-24 14:00:00;207;0;-1;-2;-8;0;0;"PIQUIRI";;;"1977";205;153;295;"50%-60%";;;;;
66710000;-17,366;-56,775;95200;"POUSADA TAIAMÃ  (Ex-Porto Jofre)";2026-10-03 05:00:00;2026-10-03 04:00:00;2026-10-03 03:00:00;222;0;7;5;4;0,2;21,4;"CUIABÁ";;;"2003";268,5;192;319;"11%-22%";;;;;
66750000;-17,623;-56,965;103000;"PORTO DO ALEGRE";;;;;;;;;;;"CUIABÁ";;;;;;;;;;;;
66810000;-18,394;-57,391;243000;"PORTO SAO FRANCISCO";2026-02-27 20:00:00;2026-02-27 19:00:00;2026-02-27 18:00:00;434;23;10;20;28;0;0;"PARAGUAI";;;"1995";524;212;635;"10%-20%";;;;;
66825000;-19,002;-57,594;253000;"LADÁRIO";2026-10-03 05:00:00;2026-10-03 04:00:00;2026-10-03 03:00:00;113;-1;-18;-29;-49;0;34,4;"PARAGUAI";;;"1988";249;-55;404;"20%-30%";;;;;
66870000;-18,508;-54,762;27600;"COXIM";2026-10-03 05:30:00;2026-10-03 04:30:00;2026-10-03 03:30:00;375,7;5,39999999999998;1,89999999999998;12,7;6,80000000000001;0;6,6;"TAQUARI";;;"1977";;;;"10%-20%";;;;;
66900000;-20,762;-56,091;11600;"ESTRADA MT-738";2026-05-17 22:45:00;2026-05-17 21:45:00;2026-05-17 20:45:00;187;39;-97;;;0;0;"MIRANDA";;;;;;;;;;;;
66910000;-20,241;-56,399;15000;"MIRANDA";2026-10-03 05:00:00;2026-10-03 04:00:00;2026-10-03 03:00:00;167;-6;-109;-81;32;1,2;48,8;"MIRANDA";;;"1992";180,5;82;630;"30%-40%";;;;;
66941000;-20,448;-55,428;10900;"PALMEIRAS";2025-12-06 05:30:00;2025-12-06 04:30:00;2025-12-06 03:30:00;184;9;51;25;34;0;0;"AQUIDAUANA";;;"2011";158;90;444;"60%-70%";;;;;
66945000;-20,478;-55,801;15700;"AQUIDAUANA";2026-04-27 07:00:00;2026-04-27 06:00:00;2026-04-27 05:00:00;224;-2;-28;-76;-8;0;0;"AQUIDAUANA";;;"2011";264;106;576;"20%-30%";;;;;
66960008;-19,601;-57,437;371000;"PORTO ESPERANÇA";2026-01-22 06:30:00;2026-01-22 05:30:00;2026-01-22 04:30:00;13;1;-2;2;9;0;0;"PARAGUAI";;;;;;;;;;;;
66970000;-19,92;-57,792;372000;"FORTE COIMBRA";2023-09-22 07:00:00;2023-09-22 06:00:00;2023-09-22 05:00:00;237;-4;-23;-42;-59;0;0;"PARAGUAI";;;"1988";201;-184;408;"60%-70%";;;;;
67030000;-21,099;-57,844;546000;"BARRANCO BRANCO";;;;;;;;;;;"PARAGUAI";;;;;;;;;;;;
67100000;-21,7;-57,891;576000;"PORTO MURTINHO";2025-07-18 07:00:00;2025-07-18 06:00:00;2025-07-18 05:00:00;407;-3;-7;-17;-30;0;0;"PARAGUAI";;;"1982";441,5;68;726;"40%-50%";;;;;
71200000;-27,803;-49,779;1010;"Vila Canoas";2026-10-03 05:00:00;2026-10-03 04:00:00;2026-10-03 03:00:00;650;-78;0;395;-30;0,6;55;"CANOAS";;;;;;;;;500;600;700;"Alerta"
71300000;-27,702;-49,84;2000;"Rio Bonito";2026-10-03 05:00:00;2026-10-03 04:00:00;2026-10-03 03:00:00;874;9;-28;322;320;0;64,2;"CANOAS";;;"1990";240;48;1102;"90%-100%";;;;;
71350001;-27,508;-50,113;3230;"Encruzilhada II";2026-10-03 05:00:00;2026-10-03 04:00:00;2026-10-03 03:00:00;714;8;90;209;203;0;58,8;"CANOAS";;;"2017";331;106;778;"90%-100%";;400;500;600;"Inundacao"
72715000;-26,896;-51,076;801;"Rio das Antas";2026-07-04 16:00:00;2026-07-04 15:00:00;2026-07-04 14:00:00;189;-24;54;45;32;0;0;"DO PEIXE";;;"1997";153;102;279;"90%-100%";;250;350;450;"Normal"
72810000;-27,088;-51,258;2010;"Tangará";2026-02-19 21:00:00;2026-02-19 20:00:00;2026-02-19 19:00:00;96;-25;17;16;20;0;0;"DO PEIXE";;;"2022";98;66;220;"40%-50%";;350;450;550;"Normal"
72849000;-27,159;-51,481;3710;"Joaçaba I";2026-10-03 05:00:00;2026-10-03 04:00:00;2026-10-03 03:00:00;233;-48;37;50;-565;0;73,2;"DO PEIXE";;;"2014";155;74;423;"70%-80%";;700;800;900;"Normal"
73770000;-26,818;-52,734;5550;"Porto Fae Novo";2026-10-03 04:45:00;2026-10-03 03:45:00;2026-10-03 02:45:00;307;-78;71;83;-228;0;86,8;"CHAPECÓ";;;"1983";152,5;60;511;"80%-90%";;;;;
73960000;-27,042;-52,954;8240;"Barra do Chapecó Aux.";2026-03-22 17:30:00;2026-03-22 16:30:00;2026-03-22 15:30:00;145;-8;-14;6;1;0;0;"CHAPECÓ";;;"1983";194;130;566;"0%-10%";;520;630;700;"Normal"
74100000;-27,176;-53,23;61900;"Iraí";2026-09-19 13:00:00;2026-09-19 12:00:00;2026-09-19 11:00:00;250;-51;-679;-115;-24;0;0;"URUGUAI";;;"1983";272;130;885;"30%-40%";;500;600;800;"Normal"
74295000;-27,013;-53,295;300;"Linha Jataí";2026-01-07 13:30:00;2026-01-07 12:30:00;2026-01-07 11:30:00;82;-7;-29;-39;-11;0;0;"IRACEMA";;;"1983";91;56;270;"30%-40%";;600;700;800;"Normal"
74300000;-26,588;-53,454;814;"Guatapara de Baixo";2026-10-03 05:15:00;2026-10-03 04:15:00;2026-10-03 03:15:00;93;-79;15;-8;-223;0;54,8;"DAS ANTAS";;;"2013";90;58;321;"56%-67%";;700;900;1100;"Normal"
74320000;-26,682;-53,286;609;"Ponte do Sargento";2025-05-12 10:00:00;2025-05-12 09:00:00;2025-05-12 08:00:00;-13;2;0;1;0;0;0;"SARGENTO";;;;;;;;;;;;
74329000;-27,172;-53,71;72300;"Itapiranga";2026-10-03 05:15:00;2026-10-03 04:15:00;2026-10-03 03:15:00;546;-204;158;306;-232;0;22;"URUGUAI";;;"2023";174;75;322;"100%-Máxima";;500;600;730;"Atencao"
74500000;-27,302;-54,14;82300;"Alto Uruguai";2026-07-20 20:00:00;2026-07-20 19:00:00;2026-07-20 18:00:00;408;43;-160;3;-408;0;0;"URUGUAI";;;"1965";297,5;55;1295;"70%-80%";;1700;1900;2100;"Normal"
74720000;-27,578;-54,683;90700;"Porto Mauá";2026-10-03 05:30:00;2026-10-03 04:30:00;2026-10-03 03:30:00;851;-84;283;506;170;0;28,2;"URUGUAI";;;"2023";276;167;378;"100%-Máxima";;800;950;1050;"Atencao"
74800000;-27,853;-55,026;95200;"Porto Lucena";2026-04-26 17:15:00;2026-04-26 16:15:00;2026-04-26 15:15:00;116;11;47;47;60;0;0;"URUGUAI";;;"2014";196;39;787;"20%-30%";;800;900;1000;"Normal"
75230000;-28,355;-54,268;5440;"Santo Ângelo";2026-03-21 14:30:00;2026-03-21 13:30:00;2026-03-21 12:30:00;98;-15;-15;-38;-32;0;0;"IJUÍ";;;"1992";175;71;446;"0%-10%";;;;;
75550000;-28,182;-55,643;116000;"Garruchos";2026-10-03 05:30:00;2026-10-03 04:30:00;2026-10-03 03:30:00;1103;184;499;747;806;0;18,4;"URUGUAI";;;"1983";291;-4;1691;"90%-100%";;1300;1400;1500;"Normal"
75780000;-28,624;-56,037;125000;"Passo São Borja";2026-10-03 03:45:00;2026-10-03 02:45:00;2026-10-03 01:45:00;946;176;203;341;517;0;4,2;"URUGUAI";;;"2014";422,5;36;1312;"90%-100%";;;;;
75900000;-29,118;-56,554;131000;"Itaqui";2025-12-08 07:00:00;2025-12-08 06:00:00;2025-12-08 05:00:00;201;-13;-263;-99;-263;0;0;"URUGUAI";;;"1983";446;14;1010;"10%-20%";;630;730;830;"Normal"
76251000;-30,97;-54,693;462;"Dom Pedrito";2026-10-03 05:30:00;2026-10-03 04:30:00;2026-10-03 03:30:00;1002;-44;405;529;478;0;7;"SANTA MARIA";;;"2002";579;423;1124;"80%-90%";;;;;
76300000;-30,281;-54,903;6010;"Ponte Ibicuí da Armada";2026-08-28 01:45:00;2026-08-28 00:45:00;2026-08-27 23:45:00;326;-82;68;135;5;0;0;"IBICUÍ DA ARMADA";;;"1997";144,5;6;586;"90%-100%";;600;650;700;"Normal"
76310000;-30,243;-54,917;12100;"Rosário do Sul";2026-10-03 05:30:00;2026-10-03 04:30:00;2026-10-03 03:30:00;616;-25;507;618;572;0,4;8;"SANTA MARIA";;;"1992";200,5;-36;652;"90%-100%";;450;550;650;"Alerta"
76560000;-29,596;-55,481;29400;"Manoel Viana";2026-10-03 04:30:00;2026-10-03 03:30:00;2026-10-03 02:30:00;1008;95;422;742;;2,8;15,6;"IBICUÍ";;;"2024";436;183;1010;"90%-100%";;760;860;960;"Inundacao"
76742000;-29,951;-55,6;1160;"Passo do Osório";2026-05-01 13:15:00;2026-05-01 12:15:00;2026-05-01 11:15:00;78;3;-19;-122;-297;0;0;"ARROIO CAVERÁ";;;"2019";194;62;558;"0%-10%";;;;;
76750000;-29,768;-55,788;5867;"Alegrete";2026-10-03 05:15:00;2026-10-03 04:15:00;2026-10-03 03:15:00;1084,8;169,7;904,7;946;904,7;0;8;"IBIRAPUITÃ";;;"2019";273;112;1263;"90%-100%";;750;850;970;"Inundacao"
76800000;-29,309;-56,055;42500;"Passo Mariano Pinto";2025-12-08 07:00:00;2025-12-08 06:00:00;2025-12-08 05:00:00;110;-4;-28;-90;-142;0;0;"IBICUÍ";;;"1992";345;82;930;"0%-10%";;700;750;800;"Normal"
77150000;-29,749;-57,089;190000;"Uruguaiana";2026-10-03 04:30:00;2026-10-03 03:30:00;2026-10-03 02:30:00;689;64;53;-40;;0;1,8;"URUGUAI";;;"1983";506,5;161;1009;"70%-80%";;650;750;850;"Atencao"
77500000;-30,384;-56,466;4570;"Quaraí";2026-10-03 05:00:00;2026-10-03 04:00:00;2026-10-03 03:00:00;304;-422;222;236;219;0;4,4;"QUARAÍ";;;"2001";108,5;15;845;"80%-90%";;600;750;950;"Normal"
82009800;-25,213;-48,489;227;"TAGAÇABA";2026-04-07 21:30:00;2026-04-07 20:30:00;2026-04-07 19:30:00;147;0;0;0;-1;0;0;"TAGAÇABA";;;"2022";158,5;140;171;"20%-40%";;;;;
86472000;-29,098;-51,7;13000;"Linha José Julio";2026-10-03 05:30:00;2026-10-03 04:30:00;2026-10-03 03:30:00;634;-84;77;163;-79;0;28,4;"TAQUARI";;;"2023";373,5;246;971;"90%-100%";;;;;
86472600;-29,178;-51,732;;"Santa Tereza";2026-10-03 04:45:00;2026-10-03 03:45:00;2026-10-03 02:45:00;504;-79;83;162;-30;0;34,8;"TAQUARI";;;;;;;;;;;;
86510000;-29,167;-51,869;16000;"Muçum";2026-10-03 05:15:00;2026-10-03 04:15:00;2026-10-03 03:15:00;528;-89;94;178;-8;0;24,4;"TAQUARI";;;"2023";232;89;933;"90%-100%";;;;;
86720000;-29,234;-51,855;19100;"Encantado";2026-10-03 05:15:00;2026-10-03 04:15:00;2026-10-03 03:15:00;316;-86;56;135;-36;0;24;"TAQUARI";;;"2023";237,5;94;888;"70%-80%";;;;;
86879300;-29,473;-51,962;22472;"Estrela";2026-05-04 04:15:00;2026-05-04 03:15:00;2026-05-04 02:15:00;1304;13;11;;16;0;0;"TAQUARI";;;"2024";1310;1289;1312;"0%-33%";;;;;
87160000;-29,336;-51,189;2030;"Nova Palmira";2026-10-03 05:15:00;2026-10-03 04:15:00;2026-10-03 03:15:00;188;-18;0;31;-105;0;26,2;"CAÍ";;;"2024";93;18;399;"90%-100%";;;;;
87170000;-29,59;-51,383;3030;"Barca Do Caí";2026-10-03 05:15:00;2026-10-03 04:15:00;2026-10-03 03:15:00;607;-144;6;285;-303;0,2;22,2;"CAÍ";;;"2024";282,5;152;1019;"90%-100%";;500;700;1050;"Atencao"
87270000;-29,701;-51,441;4360;"Passo Montenegro";2026-10-03 05:15:00;2026-10-03 04:15:00;2026-10-03 03:15:00;447;-106;-13;277;-21;0;25,6;"CAÍ";;;"2024";158;62;720;"90%-100%";;;;;
