"Estacao";"Nome";"Horario_Brasilia";"Horario_Rondonia";"Horario_Acre";"Nivel_Atual";"Var_Nivel_24";"Var_Nivel_7d";"Var_Nivel_14d";"Var_Nivel_21d";"Acum_Chuva_24";"Acum_Chuva_96";"Rio";"Passado";"C_Max";"Ano_Max";"Mediana";"Minima_Dia";"Maxima_Dia";"Percentil";"SPI"
"14620000";"BOA VISTA";2026-10-02 19:30:00;2026-10-02 18:30:00;2026-10-02 17:30:00;87;3;8;-1;-14;0;2,4;"BRANCO";;;"2011";243;71;486;"0%-10%";
"14710000";"CARACARAI";2026-10-02 20:15:00;2026-10-02 19:15:00;2026-10-02 18:15:00;133;6;-4;-12;-32;0;2,6;"BRANCO";;;"2011";287;110;586;"0%-10%";
"14489000";"MARACA";2026-10-02 19:45:00;2026-10-02 18:45:00;2026-10-02 17:45:00;434;-6;23;-3;5;0;0;"URARICOERA";;;"2021";510;414;585;"10%-20%";
"14495000";"FAZENDA CAJUPIRANGA";2026-10-02 20:15:00;2026-10-02 19:15:00;2026-10-02 18:15:00;519;-7;20;-2;2;0;0,6;"URARICOERA";;;"2021";594;459;756;"10%-20%";
"14515000";"FAZENDA PASSARAO";2026-10-02 19:30:00;2026-10-02 18:30:00;2026-10-02 17:30:00;610;2;18;6;-1;0;0;"URARICOERA";;;"2011";695;571;915;"0%-10%";
"14527000";"PONTE DO TACUTU";2026-05-31 17:00:00;2026-05-31 16:00:00;2026-05-31 15:00:00;1307;-2;312;465;772;0;0;"TACUTU";;;"2011";552;417;791;"100%-Máxima";
"14530000";"VILA SURUMU";2026-10-02 20:00:00;2026-10-02 19:00:00;2026-10-02 18:00:00;278;-2;-4;-9;-16;0;0;"SURUMU";;;"2022";330;233;655;"0%-10%";
"14680001";"FE E ESPERANCA";2026-10-02 19:30:00;2026-10-02 18:30:00;2026-10-02 17:30:00;234;-8;8;-9;-7;0,2;3,2;"MUCAJAÍ";;;"1976";293,5;205;449;"10%-20%";
"14690000";"MUCAJAI";2026-10-02 19:30:00;2026-10-02 18:30:00;2026-10-02 17:30:00;927;0;12;-9;-15;0;28,4;"MUCAJAÍ";;;"2011";1069;892;1261;"0%-10%";
"14100000";"Manacapuru";2026-10-02 19:15:00;2026-10-02 18:15:00;2026-10-02 17:15:00;924;-9;-106;-257;-394;0;0;"SOLIMOES";;;"2021";1116;276;1532;"20%-30%";
"14320001";"São Gabriel da Cachoeira";2024-10-22 16:45:00;2024-10-22 15:45:00;2024-10-22 14:45:00;193;;;;;0;0;"NEGRO";;;;;;;;
"14400000";"Tapuruquara";2024-10-22 16:45:00;2024-10-22 15:45:00;2024-10-22 14:45:00;193;;;;;0;0;"NEGRO";;;;;;;;
"14420000";"Serrinha";2026-10-02 19:30:00;2026-10-02 18:30:00;2026-10-02 17:30:00;667;1;11;23;-14;0,8;3,6;"NEGRO";;;"2019";679,5;474;849;"40%-50%";
"14480002";"Barcelos";2026-03-01 07:00:00;2026-03-01 06:00:00;2026-03-01 05:00:00;376;8;-27;-81;-94;0;0;"NEGRO";;;"2022";461;244;655;"10%-20%";
"14540000";"FAZENDA BANDEIRA BRANCA";2026-10-02 19:45:00;2026-10-02 18:45:00;2026-10-02 17:45:00;127;-1;-9;-6;-13;0;1,4;"COTINGO";;;"2011";178;111;360;"0%-10%";
"14558000";"FAZENDA PARAISO";2026-09-19 08:00:00;2026-09-19 07:00:00;2026-09-19 06:00:00;467;-3;-20;-35;-52;0;0;"TACUTU";;;"2017";568,5;463;821;"0%-11%";
"14790000";"SANTA MARIA DO BOIAÇU";2026-01-19 07:00:00;2026-01-19 06:00:00;2026-01-19 05:00:00;434;4;;-33;-20;0;0;"BRANCO";;;"2011";692;394;993;"0%-10%";
"14840000";"MOURA";2026-10-02 20:00:00;2026-10-02 19:00:00;2026-10-02 18:00:00;519;-6;-62;-169;-272;12,8;14,4;"NEGRO";;;"2022";763,5;364;986;"0%-10%";
"14990000";"Manaus";2026-10-02 19:45:00;2026-10-02 18:45:00;2026-10-02 17:45:00;1849;-13;-112;-261;-389;0;0,8;"NEGRO";;;"2012";2031;1499;2512;"20%-30%";
